FolderName,folder0,folder1

Image0,0.0,0.48138671875

Image1,0.46017578125

